府明 疙,辆格锅龋,惑厘咯何,惑企捞蜡,惑厘矫扁,惑厘企瘤 矫扁,器窃咯何
措脚闺幅府明,0030R0,1,,2025-07-10,,0
脚茄臂肺国咀萍宏府明,481850,1,,2024-07-01,,0
伙己FN府明,448730,1,,2023-04-10,,0
茄拳府明,451800,1,,2023-03-27,,0
KB胶鸥府明,432320,1,,2022-10-06,,0
内恩内盔府明,417310,1,,2022-03-28,,0
胶鸥俊胶骏府明,204210,0,embezzlement,2016-09-22,2025-05-26,0
纳捞啪府明,145270,1,,2012-01-31,,0
俊捞府明,140910,0,underscale,2011-07-14,2025-08-20,0
付胶畔橇府固绢府明,357430,1,,2022-05-31,,0
脚茄辑何萍浚叼府明,404990,1,,2021-12-10,,1
固贰俊悸臂肺国府明,396690,1,,2021-12-03,,1
NH棵盔府明,400760,1,,2021-11-18,,1
SK府明,395400,1,,2021-09-14,,1
叼矩叼敲阀汽府明,377190,1,,2021-08-27,,1
ESR乃崔胶涅绢府明,365550,1,,2020-12-23,,1
内恩内扼捞橇牢橇扼府明,357120,1,,2020-08-31,,1
力捞舅臂肺国府明,348950,1,,2020-08-07,,1
固贰俊悸甘胶府明,357250,1,,2020-08-05,,1
捞瘤胶饭瘤带胶府明,350520,1,,2020-08-05,,1
捞瘤胶闺幅敲矾胶府明,334890,1,,2020-07-16,,1
NH橇扼烙府明,338100,1,,2019-12-05,,1
吩单府明,330590,1,,2019-10-30,,1
脚茄舅颇府明,293940,1,,2018-08-08,,1
捞府明内农肪,088260,1,,2018-06-27,,1
促魂府明,040950,0,embezzlement,2010-09-09,2011-06-24,0
榜电唱贰府明,119250,0,embezzlement,2010-05-03,2014-09-10,0
俊橇瘤浚俺惯府明,119250,0,embezzlement,2014-06-25,2014-10-28,0
捞内府酒府明,138440,0,underscale,2011-03-10,2015-03-02,0
堡锐府明,140910,0,embezzlement,2011-07-14,2015-01-27,0
飘矾胶力7龋,140890,0,expired,2011-09-30,2018-03-02,0
KB何惫困殴府明,149130,0,underscale,2012-06-12,2015-01-20,0
,,,,,,
,,,,,,
,,,,,,
,,,,,,
